{
  "test_accuracy": 0.9569651741293532,
  "test_fpr": 0.017412935323383085,
  "test_fnr": 0.06865671641791045,
  "test_auc": 0.9933695948120096,
  "threshold": 0.7980721946781608,
  "known_url_pass": false
}