{
  "best_model": "random_forest",
  "optimal_threshold": 0.7980721946781608,
  "test_fpr": 0.017412935323383085,
  "test_fnr": 0.06865671641791045,
  "test_accuracy": 0.9569651741293532,
  "test_f1": 0.9558335460811845,
  "test_auc": 0.9933695948120096
}